{"success": true, "detections": [{"id": 1, "confidence": 0.7983016967773438, "boundingBox": {"x1": 286.1007080078125, "y1": 102.46208190917969, "x2": 432.63372802734375, "y2": 495.50836181640625, "width": 146.53302001953125, "height": 393.0462646484375, "aspectRatio": 2.682305097579956}}], "totalDetections": 1, "imageSize": {"width": 621, "height": 640}, "outputFilename": "clean_detection_1758795368298-958277564.jpg"}